"Source","Copy","SHA256"
"Assets/Texture2D/bg-level-normal.png","CoreGameplayTest/Assets/Resources/ReferenceUI/bg-level-normal.png","4F8A50F8033B189C96DC1DEFA3F694EDB175A64CF5891560ADD14DB089B177E0"
"Assets/Texture2D/icon-settings-v2.png","CoreGameplayTest/Assets/Resources/ReferenceUI/icon-settings-v2.png","B9C76F940609734F1403677B2E04F454966B17796748D4E3F52B5DCA43261568"
"Assets/Texture2D/icon-coin.png","CoreGameplayTest/Assets/Resources/ReferenceUI/icon-coin.png","CBA0C28387BDA5F7627212AB32ADBD88A90C4C0FDB7BAA95F5F1891CE3EF00A4"
"Assets/Texture2D/icon-coin_0.png","CoreGameplayTest/Assets/Resources/ReferenceUI/icon-coin_0.png","39D03AC43AA57041B7C8CDD4A84A008E1C8C4CB2ABC9F81CF4DB58DCE8A7D299"
"Assets/Texture2D/button-plus_0.png","CoreGameplayTest/Assets/Resources/ReferenceUI/button-plus_0.png","8F288002BF821E3143A6467E77FE5272B49DFED4D33FD68BBCBC62AA87C15E57"
"Assets/Texture2D/icon-booster-1.png","CoreGameplayTest/Assets/Resources/ReferenceUI/icon-booster-1.png","09621FF6CE611C88F38BF3B04E1815625D0628F98CCE84C8DDDD5D4048912504"
"Assets/Texture2D/icon-booster-2.png","CoreGameplayTest/Assets/Resources/ReferenceUI/icon-booster-2.png","2D0A266ED811CB4BB0D2565EA4AAD004FF1B7AA19357EA678E3FC395E10DDCD2"
"Assets/Texture2D/icon-booster-3.png","CoreGameplayTest/Assets/Resources/ReferenceUI/icon-booster-3.png","29F44E40AF793B6D1E8B3A7CB7D821A982A5D9144C7BFF6ACA937A88CB645017"
"Assets/Texture2D/button-booster.png","CoreGameplayTest/Assets/Resources/ReferenceUI/button-booster.png","C830C0345F0F69DB399339E5C40C36FBFDF48E2C46C80C459EB64A75716B9B6C"
"Assets/Texture2D/button-booster-outline.png","CoreGameplayTest/Assets/Resources/ReferenceUI/button-booster-outline.png","1BBC1199C076E902E35B4B316ED589EA887B547DEE92C452A55192B42F51C275"
"Assets/Texture2D/bg-booster-quantity.png","CoreGameplayTest/Assets/Resources/ReferenceUI/bg-booster-quantity.png","806055F5663561334345E45C869CDF40057290DAB0899E8F6CF36CC11DDCCA8B"
"Assets/Texture2D/question.png","CoreGameplayTest/Assets/Resources/ReferenceUI/question.png","4251D7CCADD851C72F35C269E7BCE281A06F547BB45B945B13641737E0572629"
"Assets/Texture2D/background.png","CoreGameplayTest/Assets/Resources/ReferenceUI/background.png","14932E8F168D835551AAEE29B2C5667DC785C1EEF884E5A9A5532D6D6B8FDFCD"
