"Folder","Files","Bytes"
"__PROJECT","1710","24419715"
"AnimationClip","48","716002"
"AnimatorController","44","68741"
"AudioClip","12","300843"
"Avatar","2","44047"
"Cubemap","8","309404"
"Editor","3","3613"
"Font","16","920819"
"GameObject","268","9269912"
"Material","238","397536"
"Mesh","110","7979851"
"MonoBehaviour","74","861334"
"Plugins","160","2783474"
"RenderTexture","2","1110"
"Resources","1343","39316427"
"Scenes","2","7477"
"Scripts","2385","1404156"
"Shader","110","95922"
"ShaderVariantCollection","2","4236"
"Sprite","2184","6285025"
"Texture2D","2280","264853502"
