source,copy,sha256
Assets\Texture2D\bg-splashScene.png,CoreGameplayTest\Assets\Resources\VideoUI\bg-splashScene.png,5d012508a75a2c639727080c75525aa496cc63ddfa84adb9ca09284990efb36c
Assets\Texture2D\header-splashScene.png,CoreGameplayTest\Assets\Resources\VideoUI\header-splashScene.png,92a4785e7a935349b34d647b1c3d037c153f8bacd4cbd1a08e7399ef30092b29
Assets\Texture2D\image-1-splashScene.png,CoreGameplayTest\Assets\Resources\VideoUI\image-1-splashScene.png,d78936fde81eed4dc70541b9e78f622c6c9e74efaf4471dcc11a1d4954d9f867
Assets\Texture2D\image-2-splashScene.png,CoreGameplayTest\Assets\Resources\VideoUI\image-2-splashScene.png,eea345f1aae9d817b9ba02dfc8db80a2fa2661d79580c6ff0da6fefb2f56d126
Assets\Texture2D\bg-fillbar-splashScene.png,CoreGameplayTest\Assets\Resources\VideoUI\bg-fillbar-splashScene.png,eea17bf8a5b7ae58d36084af6627d4a60f55172d51d01325950e81325034f0e5
Assets\Texture2D\fillbar-splashScene.png,CoreGameplayTest\Assets\Resources\VideoUI\fillbar-splashScene.png,0d6bcc356e744962131601d0b46b8455f239b612d2fecd37f290dd19850aa639
Assets\Texture2D\logo.png,CoreGameplayTest\Assets\Resources\VideoUI\logo.png,29b0f678589db9fbbf17bf28e07668a6c34347d413ab039b6a0fa5521480a261
Assets\Texture2D\voodoo-logo-noir.png,CoreGameplayTest\Assets\Resources\VideoUI\voodoo-logo-noir.png,ff6b6c434240f285ef6fd02774839c1f66e6dba91c7e2e51dfd367a50067bafc
Assets\Texture2D\generalBackground-main.png,CoreGameplayTest\Assets\Resources\VideoUI\generalBackground-main.png,60ac4b386dc249500d5515ef1da6a8af7885247f2c7b6ca4c70b518fd65e124d
Assets\Texture2D\bg-navbar.png,CoreGameplayTest\Assets\Resources\VideoUI\bg-navbar.png,8e43c5e575824ccee07ef7a2b5285eace8a538c37a0a78f618a557bedff5b513
Assets\Texture2D\bg-navBar-seleckted.png,CoreGameplayTest\Assets\Resources\VideoUI\bg-navBar-seleckted.png,bd849aaf08b525a8596ce8347eee6903eda2b4c14fef52ff4354ba04c15407b4
Assets\Texture2D\icon-home.png,CoreGameplayTest\Assets\Resources\VideoUI\icon-home.png,c067ef6e79d6174d743625ea41f937396e65d1ceb4a9ad0f0a16297f27b81fbe
Assets\Texture2D\icon-shop.png,CoreGameplayTest\Assets\Resources\VideoUI\icon-shop.png,5036f878f7460973dce5ab2c29ced8470e7d645a8764c533e69108aa868fff5a
Assets\Texture2D\icon-cards.png,CoreGameplayTest\Assets\Resources\VideoUI\icon-cards.png,23e7b4583a6fa4bd6ff8a9629156c94717fd4d443c4e9f23dad8aa47335c461a
Assets\Texture2D\button-green-v2.png,CoreGameplayTest\Assets\Resources\VideoUI\button-green-v2.png,be273487ae75db28afac5579270191826fc9705efa9105f5ad0ab4edd5e03664
Assets\Texture2D\button-yellow-v2.png,CoreGameplayTest\Assets\Resources\VideoUI\button-yellow-v2.png,75a1d2554ca5ebd6d02fc39a608362061752953b06cc8b44f8cb79b9e3e2a647
Assets\Texture2D\bg-currency.png,CoreGameplayTest\Assets\Resources\VideoUI\bg-currency.png,9d1c0485dcfee9bbf8c9d45d47619de385ffd1b546dd45cbd3e7357601631ec8
Assets\Texture2D\icon-heart-big.png,CoreGameplayTest\Assets\Resources\VideoUI\icon-heart-big.png,151a2d003f3402a28c461f1f7d26cc049e0628189d79d46aca5ce70a84da49b9
Assets\Texture2D\Chest_Enable.png,CoreGameplayTest\Assets\Resources\VideoUI\Chest_Enable.png,27f11984609091c1bfd72e8d8477a0282954c31087ce21cf1c9bb0595b6aa9f8
Assets\Texture2D\bg-level-yellow.png,CoreGameplayTest\Assets\Resources\VideoUI\bg-level-yellow.png,f7a7e077619f6e603db06ca42dd7354556167a835042c19cfcaa7da9bb3cf2aa
Assets\Texture2D\bg-popUp-levelCompleted-v2.png,CoreGameplayTest\Assets\Resources\VideoUI\bg-popUp-levelCompleted-v2.png,ef8f47fcd1878f934b87b57056ed3d9b8f3bd338732b195c9ecbfc142bb80b47
Assets\Texture2D\bg-popUp-slot-levelCompleted-v2.png,CoreGameplayTest\Assets\Resources\VideoUI\bg-popUp-slot-levelCompleted-v2.png,15199df1bdffc54e9b504d55d87de588457efb360eaa3484a7ffa4b5c72e3d88
Assets\Texture2D\icon-coin-reward.png,CoreGameplayTest\Assets\Resources\VideoUI\icon-coin-reward.png,970cb7a91c0e6b2f9c54051cd3b0ecc552964f583e98c707d02d829e41685cc7
Assets\Texture2D\icon-lock.png,CoreGameplayTest\Assets\Resources\VideoUI\icon-lock.png,19c1d3d5fe8d573e86f045603d9f95b0aa79fdedb389ad4f5fc82a124f014e1a
Assets\Texture2D\bg-level-normal.png,CoreGameplayTest\Assets\Resources\VideoUI\bg-level-normal.png,4f8a50f8033b189c96dc1defa3f694edb175a64cf5891560add14db089b177e0
Assets\Texture2D\icon-settings-v2.png,CoreGameplayTest\Assets\Resources\VideoUI\icon-settings-v2.png,b9c76f940609734f1403677b2e04f454966b17796748d4e3f52b5dca43261568
Assets\Texture2D\icon-coin.png,CoreGameplayTest\Assets\Resources\VideoUI\icon-coin.png,cba0c28387bda5f7627212ab32adbd88a90c4c0fdb7baa95f5f1891ce3ef00a4
Assets\Texture2D\icon-coin_0.png,CoreGameplayTest\Assets\Resources\VideoUI\icon-coin_0.png,39d03ac43aa57041b7c8cdd4a84a008e1c8c4cb2abc9f81cf4db58dce8a7d299
Assets\Texture2D\button-plus_0.png,CoreGameplayTest\Assets\Resources\VideoUI\button-plus_0.png,8f288002bf821e3143a6467e77fe5272b49dfed4d33fd68bbcbc62aa87c15e57
Assets\Texture2D\icon-booster-1.png,CoreGameplayTest\Assets\Resources\VideoUI\icon-booster-1.png,09621ff6ce611c88f38bf3b04e1815625d0628f98cce84c8dddd5d4048912504
Assets\Texture2D\icon-booster-2.png,CoreGameplayTest\Assets\Resources\VideoUI\icon-booster-2.png,2d0a266ed811cb4bb0d2565ea4aad004ff1b7aa19357ea678e3fc395e10ddcd2
Assets\Texture2D\icon-booster-3.png,CoreGameplayTest\Assets\Resources\VideoUI\icon-booster-3.png,29f44e40af793b6d1e8b3a7cb7d821a982a5d9144c7bff6aca937a88cb645017
Assets\Texture2D\button-booster.png,CoreGameplayTest\Assets\Resources\VideoUI\button-booster.png,c830c0345f0f69db399339e5c40c36fbfdf48e2c46c80c459eb64a75716b9b6c
Assets\Texture2D\bg-booster-quantity.png,CoreGameplayTest\Assets\Resources\VideoUI\bg-booster-quantity.png,806055f5663561334345e45c869cdf40057290dab0899e8f6cf36cc11ddcca8b
Assets\Resources\compressedlevels\112x84_New_PopArt_13.json,CoreGameplayTest\Assets\Resources\VideoUI\PopArtOriginal.json,87346b0764ccc88d38e1082d101ef76084fd9175f509c25abcc93c7afc769aae
Assets\Resources\compressedlevels\112x84_New_PopArt_13_Dupe.json,CoreGameplayTest\Assets\Resources\VideoUI\PopArtSecretReference.json,830d4a357b316b5451726a5f515bfcdbb784cc3b07c07d0f22bcdf3e54c9818e
